Material,count
<NaN>,10054
"1.50,81.6",157
"1.85,23.8",134
"1.52,64.2",122
"1.77,49.6",117
"1.83,42.7",106
"1.52,64.1",99
"1.81,25.4",89
"1.70,55.5",84
"1.88,40.8",84
BK7,79
SK16,77
"1.49,70.2",74
"1.62,60.3",68
"1.73,54.7",65
LAF2,58
"1.71,53.9",56
"1.50,81.5",55
"1.49,70.4",55
LASFN7,54
N-BK7,53
"1.80,46.6",50
LAK9,49
"1.70,30.1",49
COC,49
"1.59,68.6",47
"1.65,33.8",45
"1.92,20.9",45
"1.72,29.5",43
"1.62,63.4",43
"1.90,31.3",42
SK4,42
S-BSL7,41
SF12,39
"1.81,25.5",39
SF5,39
"1.60,38.0",38
"1.81,33.3",38
"1.85,23.9",38
"1.76,27.5",37
"1.44,95.1",36
S-LAH66,35
S-TIH6,34
E-FKH1,33
"2.00,29.1",33
"1.67,32.2",33
"1.57,42.8",32
AL-6263-(OKP4HT),32
SF4,30
"1.83,37.2",30
PFK80,30
"1.58,59.4",30
TAFD5F,30
E48R,30
BAF9,29
"1.81,40.9",29
SFL57,29
"1.91,35.2",27
TAFD30,27
"1.59,61.1",27
LAF3,27
"1.59,61.2",27
S-FPL51,26
"1.80,46.5",26
"1.70,55.6",26
"1.78,25.7",26
S-FSL5,25
LF5,25
J-FKH1,25
E-LASF05,25
"1.69,31.1",23
"1.52,52.4",23
"1.88,39.2",23
"1.54,55.9",23
LF7,22
SF18,22
"1.73,28.3",22
SFLD6,21
"1.95,32.3",21
BAF10,21
"1.59,67.0",21
S-LAH58,21
SF15,20
"1.81,22.8",20
SK55,20
N-SF15,20
"1.74,27.8",20
SF8,20
"1.82,46.6",20
N-SF57,20
"1.55,45.8",20
F4,19
SF14,19
SSK4,19
"1.52,64.0",19
S-BAL35,19
SK18,19
"1.74,32.3",18
"1.58,59.5",18
"1.80,45.4",18
"1.65,39.7",18
"1.69,53.2",17
MIRROR,17
"1.77,49.4",17
"1.69,31.2",17
LAK13,17
S-LAL14,17
S-TIH53,17
"1.49,70.1",17
"1.79,44.2",17
"1.63,35.7",17
"1.75,52.3",16
F8,16
"1.60,60.7",16
E-BK7,16
LAK8,16
BSC7,16
E-LASF015,16
"1.52,63.9",16
E-FK5,16
"1.62,36.3",15
"1.76,26.5",15
"1.81,40.7",15
SK5,15
S-PHM52,15
E-SF03,15
"1.59,35.3",15
E-SF8,15
"1.72,38.0",15
"1.67,32.1",15
"1.79,47.4",15
"1.65,58.5",15
J-LAK14,15
"1.78,26.1",15
"1.72,34.7",15
F2,15
SSK5,14
SF1,14
LAK10,14
"1.52,59.0",14
"1.74,44.9",14
"1.85,24.8",14
"1.60,67.7",14
"1.52,52.1",14
"1.77,49.5",14
SK1,14
SF10,14
"1.80,35.0",14
SF6,14
"1.73,51.5",13
"1.44,95.0",13
N-FK5,13
"1.73,28.5",13
F5,13
"1.95,18.0",13
"1.61,44.3",13
"1.72,50.2",13
"1.72,50.3",13
E-LASF08,13
POLYCARB,13
"1.75,35.3",13
"1.55,75.5",13
"2.00,25.5",13
K10,12
"1.80,39.6",12
LAK18,12
"1.62,60.1",12
"1.54,47.2",12
"1.71,54.0",12
S-LAL18,12
SK6,12
SF11,12
CAF2,12
BAF11,12
F15,12
"1.96,17.5",11
S-TIL1,11
S-BSM16,11
"1.66,50.8",11
"1.83,37.3",11
"1.66,50.9",11
"1.50,82.6",11
"1.59,67.9",11
S-NPH1,11
S-LAH65V,11
S-LAL8,11
F7,11
S-LAH60,11
BASF7,11
E-LAK01,11
"1.76,26.6",11
480R,11
N-LASF31A,11
SK10,11
FDS90,11
K5,11
E-SK4,11
"1.79,47.5",11
"1.43,95.1",11
"1.65,33.7",10
FK5,10
E-SF6,10
LAC15,10
J-LASF017,10
"1.77,49.2",10
"1.81,41.0",10
"1.62,58.1",10
S-LAH59,10
"1.60,60.6",10
J-LASF016,10
KF6,10
"1.60,39.2",10
"1.61,37.0",10
"1.91,35.3",10
SK15,10
S-LAL12,9
"1.61,44.5",9
"1.74,44.8",9
"1.71,53.8",9
TAF3,9
"1.58,40.8",9
"1.77,46.8",9
"1.57,56.0",9
NBFD15,9
"1.70,41.1",9
"1.74,49.3",9
"1.87,40.7",9
"1.85,40.1",9
S-FPL53,9
"1.77,49.7",9
LASFN14,9
S-TIM27,9
"1.80,42.2",9
"1.70,41.2",9
J-LASF02,9
LLF1,9
"1.60,35.6",9
N-SK10,9
J-LASF015,9
"1.74,49.4",9
"1.70,30.0",9
N-SF11,9
"1.76,40.1",9
E-LASF010,9
"1.62,58.2",9
"1.72,43.7",9
"1.90,37.4",9
LAK14,9
SK51,9
SF2,9
E-LASF016,8
LAFN8,8
J-PSK02,8
KF2,8
S-NSL3,8
E-PSK03,8
"1.80,29.8",8
F6,8
SK14,8
BASF6,8
"1.61,58.6",8
BASF8,8
FK51,8
E-SF4,8
"1.50,81.9",8
P-LASF47,8
E-LAKH1,8
"1.58,40.9",8
E-LAFH2,8
E-LAK14,8
"1.51,42.8",8
"1.89,20.4",8
"1.67,47.2",8
"1.62,63.9",8
"1.74,44.7",8
N-SK14,8
"1.74,28.3",8
"1.44,94.7",8
FCD505,8
S-PHM53,7
"1.75,35.0",7
"1.76,27.6",7
FC5,7
"1.64,55.5",7
S-TIH11,7
S-LAH55V,7
N-KZFS5,7
LASFN17,7
"1.46,65.8",7
N-LASF44,7
K3,7
TAFD5,7
"1.68,55.3",7
UBK7,7
S-TIM25,7
F9,7
FCD1,7
E-LASF09,7
"1.69,53.5",7
SF7,7
LAKN14,7
SUPRASIL,7
SF3,7
FDS1,7
S-TIM22,7
E-SF2,7
"1.50,82.5",7
E-PSKH1,7
E-LAF7,7
"1.88,40.1",7
"1.80,25.5",7
S-LAH65,7
"1.58,41.0",7
N-LAF32,6
"1.67,57.1",6
SFLDN3,6
"1.78,26.0",6
"1.51,54.6",6
"1.74,28.2",6
"1.51,53.0",6
LAK09,6
"1.52,0.0",6
BAK2,6
S-BAL14,6
"1.84,43.3",6
SF9,6
TAF1,6
S-NPH53,6
BASF2,6
LASFN8,6
S-TIM35,6
E-PKH1,6
"1.68,32.0",6
N-SF10,6
SFL6,6
N-SF56,6
LAK7,6
"1.53,48.9",6
"1.53,48.8",6
"1.43,95.6",6
"1.46,67.9",6
"1.64,34.5",6
"1.69,54.8",6
LAC8,6
S-FTM16,6
E-SK12,6
E-LAF11,6
S-BSM18,6
"1.73,54.6",6
"1.50,56.5",6
"1.62,60.2",6
SK7,6
"1.60,35.5",6
"1.49,81.5",6
"1.53,41.7",6
"2.00,19.3",6
E-SK14,6
S-TIH1,6
"1.72,47.9",6
BAF8,6
"1.64,34.6",6
FK3,6
"1.75,25.1",6
"1.85,40.8",6
S-NSL36,6
"1.59,35.5",6
S-BAL41,6
TAFD25,5
H-ZF4,5
S-BAH27,5
"1.74,49.2",5
"1.85,25.1",5
"1.56,36.6",5
S-TIM28,5
H-F1,5
H-ZF3,5
"1.76,48.5",5
"1.67,38.1",5
"1.67,35.6",5
S-TIH18,5
"1.85,32.3",5
"1.52,58.6",5
S-BAL2,5
LASF01,5
SFN3,5
NBFD2,5
H-LAK6A,5
SSK51,5
BK10,5
LLF6,5
N-LAK8,5
J-LAK10,5
J-LAK02,5
"1.64,60.2",5
M-TAF1,5
LASFN16,5
"1.79,43.9",5
"1.81,22.7",5
E-LASF013,5
"1.69,53.6",5
N-SK16,5
LAC10,5
F13,5
"1.78,26.2",5
LASFN3,5
"1.82,46.8",5
"1.69,53.3",5
"1.80,45.5",5
"1.70,48.1",5
"1.72,48.1",5
"1.54,41.2",5
POLYSTYR,5
S-TIM2,5
"1.64,55.4",5
E-F2,5
KF8,5
LAC11,5
"1.43,95.2",5
"1.79,25.9",5
H-LAK53,5
TAFD35,5
S-LAL56,5
S-LAH64,5
S-LAM2,5
AL-6261-(OKP4),5
N-KZFS8,5
S-FPL51Y,5
PCD4,5
LF6,5
"1.49,70.3",5
"1.67,57.3",5
SFN1,5
LAK6,5
SFN4,5
LAK12,5
E-LAF010,5
"1.74,49.5",5
F52R,4
S-BAM4,4
SF57,4
N-LASF9,4
"1.80,40.9",4
"1.72,29.6",4
"1.82,45.1",4
"1.52,58.9",4
"1.86,23.0",4
N-BAK1,4
"1.44,94.9",4
"1.60,65.5",4
J-PSKH1,4
"1.51,60.5",4
"1.65,33.6",4
"1.70,56.5",4
"2.00,25.4",4
"1.88,40.7",4
"1.53,55.6",4
"1.57,53.0",4
S-LAL61,4
S-TIM1,4
"1.54,74.7",4
LAF9,4
BAF5,4
"1.89,37.1",4
TAF2,4
"1.58,46.5",4
"1.78,44.5",4
LAFN21,4
E-FD1,4
LAC12,4
S-APL1,4
N-PSK53A,4
E-SK16,4
"1.65,58.6",4
"1.50,82.3",4
"1.49,81.9",4
KF3,4
FCD100,4
"1.55,45.9",4
"1.68,55.5",4
FCD515,4
"1.59,35.6",4
517641.0,4
"1.74,52.6",4
"1.52,69.9",4
S-NBM51,4
"1.69,54.5",4
"1.70,48.5",4
E-LAK10,4
E-SFH2,4
PSKN2,4
"1.52,52.2",4
"1.72,29.2",4
"1.83,37.0",4
"1.80,40.8",4
"1.75,35.2",4
"1.62,61.3",4
"1.72,37.9",4
"1.62,60.4",4
S-TIL26,4
BAK4,4
"1.64,45.0",4
FDS9,4
PSK2,4
LAKN5,4
E-F16,4
PYREX,4
BAF3,4
"1.66,58.5",4
"1.61,36.9",4
F3,4
LLF8,4
J-SF03,4
E-LASFH2,4
J-LLF6,4
"1.56,60.8",4
E-SF15,4
H-LAK12,4
"1.72,29.4",4
"1.73,28.2",4
"1.58,41.5",4
F1,4
BAF4,4
KF4,4
S-LAH53,4
S-TIH10,4
S-BSM9,4
S-TIH14,4
H-LAK52,4
D4532,4
S-LAM60,4
S-LAM3,4
J-FK5,4
E-LAF016,4
E-F5,4
E-LAK18,4
S-YGH51,4
E-LASKH2,4
E-PSK02,4
E-LAK12,4
"1.69,52.8",3
"1.62,63.3",3
"1.86,23.1",3
"1.45,67.2",3
"1.58,40.7",3
"1.67,47.3",3
"1.77,49.8",3
"1.33,54.0",3
BAK1,3
F11,3
"1.51,63.4",3
LAF7,3
SSK1,3
TAFD40,3
S-LAH63,3
S-FTL10,3
N-KZFS4,3
S-BSM25,3
M-FCD500,3
"1.69,54.6",3
S-TIH13,3
"1.55,55.1",3
"1.55,38.1",3
E-SFH1,3
SF63,3
TAF4,3
CF6,3
LLF2,3
N-BAF51,3
"1.64,60.0",3
"1.69,53.7",3
LAC14,3
SF03,3
SK3,3
SK9,3
"1.53,42.7",3
SK13,3
K7,3
SF58,3
"1.49,70.5",3
"1.62,36.6",3
"1.62,47.0",3
"1.58,41.7",3
"1.61,59.5",3
"1.90,31.4",3
"1.80,40.5",3
"1.67,38.3",3
LAKN7,3
BAF2,3
BASF1,3
H-LAK10,3
"1.90,35.8",3
N-KZFS11,3
E-SSK5,3
LAK11,3
"1.64,44.9",3
"1.78,26.3",3
"1.67,0.0",3
"1.69,53.8",3
J-LAF05,3
J-LASFH2,3
FD6,3
ACRYLIC,3
"1.62,56.9",3
"1.62,53.1",3
NBFD13,3
FDS3,3
"1.50,81.3",3
"1.69,54.7",3
"1.81,31.6",3
"1.75,50.1",3
E-LAK09,3
E-FDS1,3
S-LAH51,3
LAFN4,3
S-NBH5,3
PMMA,3
E-FEL2,3
KF9,3
"1.69,30.9",3
E-LASF01,3
"1.76,40.3",3
"1.62,60.0",3
MC-FCD1-M20,3
E-LASF03,3
N-LAF21,3
E-SF10,3
E-LAF2,3
LASFN9,3
"1.43,94.9",3
E-BASF7,3
N-LASF31,3
J-F3,3
P-LASFH12S,3
KZFSN5,3
"1.50,66.8",3
"1.72,46.0",3
"1.73,40.5",3
E-LAF01,3
"1.79,48.0",3
"1.67,41.6",3
"1.53,56.0",3
E-LF5,3
"1.67,48.1",3
J-SK16,3
796409,3
"1.51,54.7",3
"1.46,65.7",3
E-SK5,3
"1.80,33.9",3
"1.85,32.4",3
E-FK01,3
H-QK3,3
J-LAK8,3
"1.76,47.9",3
E-SK11,3
E-LLF1,3
K-LAKN4,3
J-PKH1,3
748523.0,3
"1.47,65.6",3
"1.63,52.9",3
"1.56,46.9",3
"1.59,59.2",3
"1.67,48.3",3
"1.92,31.6",3
"1.96,32.3",3
"1.59,59.5",3
"1.64,35.4",3
"1.75,27.5",3
"1.53,55.8",3
"1.69,53.4",3
"1.74,31.7",3
"1.90,25.3",3
SSK2,3
K11,3
"1.61,43.8",3
"1.53,55.7",3
"1.68,31.3",3
S-NBH55,3
S-LAM55,3
S-LAL58,3
H-QK3L,3
"1.84,42.7",3
S-BAL3,3
"1.83,43.0",3
"1.85,36.6",3
"1.62,38.0",2
"1.60,38.3",2
"1.66,35.9",2
"1.49,70.0",2
"1.76,47.8",2
-,2
"1.80,45.6",2
LITHOTEC-CAF2,2
J-LLF1,2
M-PCD4,2
H-K9L,2
PCD51,2
FN11,2
"1.76,49.1",2
S-BAL42,2
S-LAM66,2
S-NBH8,2
"1.52,52.0",2
"1.65,33.9",2
J-LASF05,2
S-FPM2,2
E-LASF014,2
"1.67,33.0",2
SF16,2
SF53,2
LF2,2
"1.56,61.2",2
"1.75,51.6",2
"1.67,29.2",2
"1.54,59.5",2
"1.85,0.0",2
"1.92,18.9",2
"1.80,40.4",2
"1.85,23.7",2
"1.51,50.0",2
"2.01,29.1",2
"1.86,40.1",2
"1.55,63.5",2
"1.52,51.4",2
"1.53,55.9",2
"1.58,56.3",2
"1.73,54.1",2
"1.78,43.8",2
"1.67,41.9",2
"1.64,59.9",2
E-LAFH3,2
"1.81,40.8",2
"1.50,56.4",2
"1.54,59.7",2
"1.58,37.1",2
"1.58,59.3",2
"1.77,46.6",2
"1.76,31.7",2
"1.67,46.8",2
"1.73,53.2",2
K-PFK80,2
S-LAH71,2
KZFS4,2
BSM14,2
"1.67,33.1",2
E-LAF9,2
K-SK5,2
748523,2
"1.59,61.3",2
"1.80,46.4",2
TAFD55-W,2
"1.74,27.7",2
"1.72,42.0",2
"1.77,46.2",2
"1.52,58.5",2
"1.74,45.0",2
"1.77,46.5",2
773494,2
804339,2
694537,2
861230,2
NBFD14,2
E-SF13,2
S-BSM81,2
MC-TAF1,2
K-SSK1,2
S-BSM14,2
"1.75,34.7",2
E-FD4,2
M-NBFD13,2
LAFN28,2
FTL8,2
"1.58,30.0",2
"1.83,37.4",2
"1.61,37.2",2
N-LAK21,2
"1.61,60.5",2
"1.55,49.3",2
"1.62,49.5",2
H-ZLAF54,2
"1.69,50.8",2
"1.68,48.2",2
"1.62,38.1",2
"1.62,57.1",2
"1.52,69.6",2
E-F1,2
BAC5,2
LASFN4,2
K-SFLD4,2
E-BAF12,2
E-SF7,2
E-BAK4,2
"1.55,55.0",2
E-SK10,2
P-SK57_MOLD,2
S-TIH4,2
BAFL2,2
LASFN13,2
N-SF6,2
"1.46,69.6",2
"1.90,40.5",2
"1.78,25.9",2
"1.63,35.6",2
S-FPL52,2
"1.68,41.9",2
M-BACD12,2
N-ZK7,2
KZFS7A,2
"1.62,58.6",2
"1.73,51.1",2
FPL51,2
"1.80,28.4",2
"1.79,47.1",2
"1.72,52.1",2
"1.60,64.4",2
FD11,2
NBFD12,2
NBFD11,2
"1.63,35.3",2
"1.55,45.4",2
"1.68,32.2",2
E-FD10,2
J-SF11,2
N-SK4,2
L-LAH87,2
N-LAF35,2
N-BAK2,2
LAFN3,2
LLF7,2
"1.65,56.2",2
"1.79,45.7",2
"1.80,41.0",2
"1.58,46.4",2
"1.62,36.4",2
S-LAM58,2
LAL14,2
"1.59,61.0",2
N-LAK14,2
"1.62,60.5",2
N-BAF10,2
N-LAK22,2
"1.43,95.3",2
"1.79,45.3",2
"1.64,60.1",2
"1.74,52.7",2
"1.93,20.9",2
"1.69,53.1",2
"1.83,37.1",2
"1.52,63.5",2
"1.51,81.6",2
J-LASFH13,2
BACD5,2
J-SF15,2
5013X16,2
"1.61,26.0",2
"1.69,31.0",2
"1.66,57.3",2
"1.63,39.1",2
"1.67,48.4",2
E-ADF10,2
MP-PCD51-70,2
"1.53,56.5",2
LAFN10,2
LF1,2
B270,2
J-F16,2
BAFD7,2
"1.60,65.4",2
N-BALF4,2
"1.67,42.0",2
"1.90,35.7",2
NBFD10,2
BACD14,2
FD15,2
330R,2
BAFD8,2
"1.56,61.1",2
KZFSN4,2
BK1,2
KF5,2
LAC13,2
"1.54,47.4",2
M-TAF31,2
E-K3,2
N-PSK57,2
N-SF14,2
GFK70,2
LASF32,2
H-FK61,2
H-ZF52,2
E-LASFH6,2
E-FKH2,2
"1.92,24.0",2
"1.88,37.2",2
"1.59,35.4",2
S-LAM61,2
S-TIL6,2
S-LAL59,2
"1.99,16.5",2
"1.56,60.7",2
"1.85,30.1",2
"1.85,43.8",2
S-NBH51,2
S-BAH10,2
J-LASF03,2
FL5,2
BAC1,2
LASF3,2
IRG15,2
SK2,2
N-SK18,2
"1.61,59.3",2
"1.64,48.3",2
"1.70,55.7",2
"1.76,27.1",2
"1.62,62.8",2
"1.72,55.1",2
FD60,2
E-FD5,2
J-SK10,2
"1.64,55.3",2
"1.59,58.2",2
"1.62,63.5",2
"1.52,64.6",1
"1.67,47.1",1
"1.72,32.0",1
"1.65,38.0",1
"1.46,90.3",1
"1.91,21.9",1
"1.83,39.1",1
"1.90,34.6",1
"1.60,20.8",1
"1.85,40.4",1
"1.54,61.8",1
"1.52,54.4",1
"1.77,50.0",1
"1.57,56.1",1
"1.57,50.8",1
"1.63,23.4",1
"1.51,56.8",1
"1.80,24.3",1
"1.47,61.7",1
"1.86,23.8",1
"1.77,26.6",1
"1.54,60.0",1
E-LASFH9,1
H-LAFL5,1
J-SF14,1
E-FEL6,1
K-LASFN7,1
PBH13,1
FEL6,1
"1.85,40.5",1
LAK16A,1
N-LAK34,1
TIFN5,1
N-LAK33,1
SFL4,1
"1.83,40.1",1
"1.68,34.8",1
"1.51,27.1",1
"1.68,31.4",1
"1.70,55.4",1
"1.69,52.7",1
"1.88,37.3",1
"1.59,60.4",1
"1.78,37.1",1
"1.78,49.7",1
H-LAK61,1
E-BAF8,1
TAFD55,1
E-SF5,1
E-LASFH13,1
E-LASFH17,1
E-F3,1
M-TAFD305,1
"1.65,31.5",1
"1.79,42.8",1
"1.52,69.7",1
"1.74,27.6",1
"1.75,52.1",1
"1.62,47.1",1
"1.72,48.7",1
"1.72,47.2",1
"1.68,55.4",1
"1.72,49.0",1
"1.84,37.5",1
"1.75,49.6",1
"1.69,55.9",1
"1.55,63.7",1
"1.71,55.5",1
"1.77,28.4",1
"1.80,41.3",1
"1.74,44.4",1
"1.70,29.6",1
"1.74,49.0",1
NBFD15-W,1
TAC8,1
LBC3N,1
"1.75,35.5",1
"1.81,39.7",1
"1.69,51.8",1
N-SK15,1
BALF5,1
KZFN1,1
"1.76,31.6",1
"1.57,42.7",1
"1.80,44.1",1
BASF12,1
"1.60,42.3",1
"1.70,25.4",1
"1.52,50.8",1
"1.53,45.9",1
"1.50,56.1",1
"1.79,47.2",1
"1.62,36.1",1
"1.61,55.5",1
LLF4,1
LF4,1
BAFL3,1
J-SF2,1
BACD11,1
BACD4,1
LACL7,1
ADF455,1
FD4,1
CF3,1
FD8,1
LACL4,1
BACED4,1
BACD15,1
"1.61,55.8",1
K50,1
H-BAK4,1
SK11,1
N-SK2,1
TAFD6,1
K4,1
LASF02,1
LACL5,1
BAF20,1
SSKN5,1
BASF64A,1
N-LAF3,1
BK4,1
SSKN8,1
LASFN31,1
"1.60,60.5",1
"1.68,44.0",1
"1.54,60.1",1
J-LASF09,1
BACED5,1
ZNC7,1
"1.75,47.2",1
"1.52,64.5",1
LAFN7,1
"1.52,59.8",1
"1.67,55.4",1
"1.73,40.3",1
"1.61,58.8",1
"1.55,62.8",1
"1.52,54.5",1
"1.68,57.5",1
"1.79,25.5",1
"1.33,53.9",1
"1.61,40.3",1
"1.52,70.0",1
"1.67,57.5",1
"1.81,25.3",1
"1.87,39.8",1
"1.79,46.5",1
"1.52,64.4",1
BASF56,1
E-LAF05,1
PC2,1
BAF7,1
H-ZF11,1
BASF5,1
744449.0,1
515546.0,1
"1.61,57.4",1
"1.46,67.8",1
"1.53,48.6",1
"1.77,49.3",1
"1.59,68.0",1
BAFD5,1
N-SSK5,1
PC3,1
"1.80,28.6",1
"1.65,38.2",1
"1.62,57.0",1
"1.62,54.0",1
"1.76,46.2",1
"1.62,60.7",1
"1.62,49.6",1
"1.70,0.0",1
"1.66,56.2",1
D-LAK70_MOLD,1
"1.62,56.7",1
"1.79,47.3",1
"1.80,44.5",1
"1.52,51.1",1
"1.50,66.0",1
"1.68,44.6",1
FL7,1
LAC9,1
NBFD8,1
BACD2,1
BACED1,1
"1.64,34.7",1
"1.54,46.8",1
"1.58,41.4",1
S-YGH52,1
"1.64,55.8",1
"1.68,32.3",1
"1.73,38.0",1
"1.61,38.0",1
"1.52,56.8",1
"1.68,50.8",1
FD5,1
J-K3,1
SFL56,1
S-BSM22,1
N-LAK12,1
K26R_25,1
M-TAF105,1
S-LAL52,1
S-TIM39,1
740282.0,1
511605.0,1
672322.0,1
569631.0,1
677555.0,1
603607.0,1
699301.0,1
N-BAK4,1
E-SFS3,1
NBFD40,1
H-LAF6L,1
BAF12,1
ZKN7,1
H-LAK3,1
E-BACD10,1
E-FL5,1
TIH14,1
PBL25,1
NBFD5,1
BAM25,1
S-TIM5,1
BAF13,1
H-LAK2,1
LAKN6,1
"1.60,42.5",1
"1.51,50.9",1
"1.64,35.3",1
"1.66,35.8",1
"1.52,51.5",1
"1.62,55.1",1
PHM51,1
BSM36,1
"1.71,43.3",1
"1.64,55.7",1
"1.76,29.7",1
"1.88,41.0",1
"1.46,35.7",1
"1.68,49.0",1
"1.46,65.0",1
"1.59,34.8",1
"1.61,55.9",1
"1.61,49.3",1
"1.83,42.8",1
"1.79,25.6",1
LASKN3,1
BAF22,1
TAC1,1
J-LAF04,1
"1.59,41.1",1
"1.68,0.0",1
"1.72,0.0",1
"1.78,0.0",1
"1.64,0.0",1
"1.74,0.0",1
"1.62,49.8",1
"1.59,35.2",1
"1.56,43.8",1
"1.72,42.1",1
"1.61,55.0",1
"1.64,58.4",1
"1.52,58.4",1
"1.53,62.1",1
"1.50,65.1",1
"1.64,45.1",1
S-BAH11,1
LASKN1,1
LAF13,1
"1.65,56.1",1
"1.64,60.3",1
"1.72,48.0",1
"1.73,28.7",1
"1.74,41.6",1
LAF20,1
E-FD8,1
J-LAK13,1
PBL22,1
S-TIM6,1
FCD10,1
E-KZFH1,1
J-BASF2,1
"1.67,46.9",1
"1.61,59.8",1
"1.62,46.8",1
"1.62,53.0",1
PBM5,1
PBM8,1
S-TIH3,1
J-F8,1
"1.57,42.5",1
"1.72,50.1",1
"1.70,29.8",1
"1.76,27.3",1
"1.72,47.7",1
"1.49,69.9",1
"1.63,38.8",1
"1.70,34.6",1
K-PG375,1
LF8,1
M-LAC8,1
S-TIM8,1
J-LF5,1
LAFN12,1
"1.55,45.5",1
"1.81,40.4",1
"1.67,39.3",1
SF13,1
J-K5,1
713539.0,1
595355.0,1
651585.0,1
620362.0,1
797453.0,1
"1.52,70.1",1
"1.74,27.5",1
"1.74,47.9",1
"1.59,51.2",1
"1.70,48.0",1
"1.57,63.2",1
"1.57,49.5",1
"1.49,69.8",1
BAH77,1
"1.75,34.9",1
"1.60,40.8",1
"1.62,61.2",1
"1.74,37.5",1
"1.83,36.5",1
"1.75,27.4",1
"1.70,47.9",1
PBH53,1
S-BAL50,1
FF8,1
J-LAF2,1
H-LAF52,1
LAFN11,1
"1.80,28.5",1
S-LAH55,1
"1.79,28.6",1
"1.84,43.4",1
519700,1
797454,1
"1.00,0.0",1
"1.67,45.8",1
"1.54,73.0",1
"1.57,55.8",1
E-LAK13,1
623471.0,1
640600.0,1
797454.0,1
805255.0,1
713540.0,1
E-LF7,1
BPM4,1
"1.61,43.9",1
"1.72,50.4",1
K-FK5,1
K-SFLD6,1
S-LAL10,1
S-BSM10,1
N-LLF1,1
FC3,1
804339.0,1
J-LAF01,1
"1.58,41.3",1
"1.64,47.8",1
"1.67,45.0",1
"1.78,25.6",1
"1.57,63.1",1
"1.66,55.0",1
N-BK10,1
J-LASF013,1
E-BASF6,1
E-FD15,1
E-LAK8,1
LAF70,1
"1.51,81.4",1
"1.64,56.1",1
"1.63,34.6",1
"1.68,31.2",1
840434,1
589611,1
713539,1
J-LAFH3,1
TAF1_MOLD,1
VC78_MOLD,1
"1.62,0.0",1
"1.75,52.4",1
"1.62,52.7",1
M-BACD5N,1
FD10,1
BAC4,1
"1.90,34.3",1
"1.76,49.2",1
"1.84,30.4",1
"1.56,48.5",1
"1.58,53.0",1
"1.61,43.0",1
"1.75,44.5",1
"1.69,49.6",1
"1.74,26.2",1
"1.62,58.4",1
S-BAH32,1
E03-47,1
SF57HHT,1
S-LAM60M,1
B16-64,1
H-QF56,1
TAF5,1
C41-60,1
S-TIL27,1
S-LAM54,1
H-ZLAF55,1
H-ZF50,1
J-FK01,1
J-F1,1
H-ZLAF66,1
L-LAM69M,1
"1.74,40.8",1
"1.50,56.3",1
"1.70,53.6",1
"1.54,59.6",1
"1.50,65.2",1
"1.68,47.2",1
J-LAK09,1
E-LAK02,1
"1.60,37.8",1
"1.60,59.5",1
"1.56,47.0",1
"1.65,57.8",1
"1.67,32.9",1
"1.75,44.7",1
"1.57,63.0",1
"1.73,28.1",1
"1.73,54.8",1
"1.52,16.5",1
H-ZLAF76,1
MC-TAFD307,1
J-LF6,1
TAF3_MOLD,1
J-SK14,1
N-LASF46,1
"1.70,34.7",1
"1.70,53.2",1
"1.82,45.2",1
"1.84,30.0",1
"1.51,59.8",1
"1.53,46.0",1
"1.59,35.8",1
"1.51,61.9",1
"1.69,0.0",1
"1.56,58.3",1
"1.61,55.1",1
"1.56,45.3",1
"1.61,56.3",1
"1.52,63.6",1
"1.71,40.9",1
"1.70,38.4",1
"1.51,60.6",1
"1.57,41.3",1
"1.66,57.7",1
"1.69,54.1",1
"1.69,54.0",1
"1.73,28.0",1
"1.51,56.5",1
"1.65,58.4",1
"1.64,58.1",1
"1.70,54.7",1
"1.66,57.1",1
"1.59,34.3",1
MC-TAFD305,1
N-BK7_MOLD,1
LAK33,1
Q-LAK52S,1
N-K5,1
LAK23,1
N-SF57HT,1
SF64A,1
"1.50,66.7",1
"1.57,57.5",1
"1.62,53.3",1
"1.72,29.3",1
J-SF8,1
K-LAK8,1
J-BAK4,1
S-NBH53,1
L-LAH90,1
M-LAC130,1
"-1.42,0.0",1
H-LAF50B,1
J-PSK03,1
D-LAK6,1
D-LAK6M,1
BK7HT,1
"1.55,37.6",1
SF57HT,1
CD120,1
"1.58,64.2",1
"1.73,54.0",1
N-PK52A,1
K-LASFN1,1
K-LAF2,1
N-LASF40,1
"1.59,62.1",1
E-LASF021,1
E-LAK7,1
"1.55,71.5",1
"1.61,44.4",1
"1.85,40.0",1
"1.55,71.7",1
S-LAM7,1
S-LAH79,1
"1.80,34.9",1
"1.92,23.9",1
"1.76,52.3",1
"1.00,64.2",1
"1.71,29.5",1
"1.85,42.7",1
"1.48,70.4",1
"1.75,28.3",1
"1.85,22.7",1
"1.49,81.6",1
J-SFH1,1
S-LAM51,1
J-LASF010,1
H-LAK51,1
H-ZF72,1
"1.83,44.7",1
"1.90,29.3",1
"1.51,61.1",1
"1.70,17.7",1
"1.64,22.7",1
"1.76,16.1",1
SF19,1
E65-40,1
N-LAK7,1
SK12,1
LAKN12,1
E-BASF2,1
NBF1,1
BASF54,1
J-BK7,1
"1.55,42.7",1
E-LASFH15,1
"1.76,15.0",1
K-GFK68,1
H-LAF3,1
L-TIM28_MOLD,1
L-TIH53,1
FD140,1
E-SK18,1
E-LAF02,1
TAC4,1
E-SK15,1
J-SK18,1
H-ZLAF56,1
H-ZLAF50B,1
H-LAF50A,1
P-SK5S,1
H-ZLAF53,1
TAC2,1
M-LAF81,1
"1.70,27.8",1
"1.68,54.8",1
"1.73,28.4",1
"1.86,32.3",1
"1.93,24.0",1
"1.58,53.7",1
"1.90,20.4",1
"1.62,53.2",1
"1.77,53.0",1
"2.00,29.3",1
"1.95,17.9",1
"1.65,53.0",1
"1.66,26.9",1
"1.77,47.2",1
"1.70,31.2",1
"1.63,59.3",1
J-LAK18,1
J-LASFH15,1
"1.51,56.6",1
"1.75,27.6",1
"1.65,21.5",1
"1.67,55.2",1
"1.76,26.0",1
"1.74,51.7",1
S-BSM4,1
K-LAK18,1
OKP4HT,1
N-KF9,1
PBH56,1
S-BAH28,1
L-NBH54,1
J-KF6,1
"1.80,29.9",1
"1.52,64.3",1
"1.51,58.9",1
"1.81,0.0",1
"1.83,0.0",1
"1.57,70.1",1
"1.72,34.6",1
"1.56,71.2",1
"1.76,24.9",1
"1.82,42.7",1
"1.67,31.1",1
"1.52,48.8",1
"1.54,56.0",1
"1.61,58.5",1
"1.67,38.2",1
"1.75,25.0",1
"1.68,31.6",1
"1.69,53.0",1
"1.58,59.0",1
"1.76,51.2",1
"1.58,59.1",1
"1.87,28.7",1
"1.71,53.2",1
"1.80,45.1",1
"2.05,26.9",1
"1.95,0.0",1
"1.73,57.7",1
"1.69,49.2",1
"1.75,54.7",1
"1.53,56.3",1
"1.58,30.2",1
"1.59,68.3",1
